Name,Type,County,Area (sqmi),Population,Fighting men,Knights
Acme,Township,Grand Traverse,25.01,500,25,2
Ada,Township,Kent,36.04,721,36,2
Adams,Township,Arenac,35.64,713,36,2
Adams,Township,Hillsdale,35.64,713,36,2
Adams,Township,Houghton,47.05,941,47,3
Addison,Township,Oakland,35.52,710,36,2
Adrian,Charter Township,Lenawee,33.99,680,34,2
Aetna,Township,Mecosta,35.52,710,36,2
Aetna,Township,Missaukee,35.88,718,36,2
Akron,Township,Tuscola,52.75,1055,53,4
Alabaster,Township,Iosco,22.22,444,22,1
Alaiedon,Township,Ingham,35.6,712,36,2
Alamo,Township,Kalamazoo,36.2,724,36,2
Albee,Township,Saginaw,36.04,721,36,2
Albert,Township,Montmorency,65.66,1313,66,4
Albion,Township,Calhoun,32.63,653,33,2
Alcona,Township,Alcona,57.5,1150,58,4
Algansee,Township,Branch,35.53,711,36,2
Algoma,Township,Kent,34.13,683,34,2
Allegan,Township,Allegan,30.4,608,30,2
Allen,Township,Hillsdale,36.01,720,36,2
Allendale,Charter Township,Ottawa,31.13,623,31,2
Allis,Township,Presque Isle,64.75,1295,65,4
Allouez,Township,Keweenaw,54.62,1092,55,4
Almena,Township,Van Buren,34.41,688,34,2
Almer,Charter Township,Tuscola,34.09,682,34,2
Almira,Township,Benzie,33.75,675,34,2
Almont,Township,Lapeer,36.66,733,37,2
Aloha,Township,Cheboygan,29.5,590,30,2
Alpena,Charter Township,Alpena,104.45,2089,104,7
Alpine,Township,Kent,35.9,718,36,2
Amber,Township,Mason,27.55,551,28,2
Amboy,Township,Hillsdale,29.96,599,30,2
Ann Arbor,Charter Township,Washtenaw,16.73,335,17,1
Antioch,Township,Wexford,35.22,704,35,2
Antrim,Township,Shiawassee,35.33,707,35,2
Antwerp,Township,Van Buren,34.69,694,35,2
Arbela,Township,Tuscola,33.46,669,33,2
Arcada,Township,Gratiot,32.17,643,32,2
Arcadia,Township,Lapeer,35.05,701,35,2
Arcadia,Township,Manistee,18.59,372,19,1
Arenac,Township,Arenac,35.77,715,36,2
Argentine,Township,Genesee,34.65,693,35,2
Argyle,Township,Sanilac,36.31,726,36,2
Arlington,Township,Van Buren,34.37,687,34,2
Armada,Township,Macomb,36.48,730,37,2
Arthur,Township,Clare,36.02,720,36,2
Arvon,Township,Baraga,123.96,2479,124,8
Ash,Township,Monroe,34.6,692,35,2
Ashland,Township,Newaygo,34.42,688,34,2
Assyria,Township,Barry,35.87,717,36,2
Athens,Township,Calhoun,35.94,719,36,2
Atlas,Township,Genesee,35.22,704,35,2
Attica,Township,Lapeer,35.09,702,35,2
Au Gres,Township,Arenac,33.35,667,33,2
Augusta,Charter Township,Washtenaw,36.7,734,37,2
Aurelius,Township,Ingham,36.41,728,36,2
Au Sable,Charter Township,Iosco,20.63,413,21,1
Au Sable,Township,Roscommon,35.66,713,36,2
Austin,Township,Mecosta,35.67,713,36,2
Austin,Township,Sanilac,36.15,723,36,2
Au Train,Township,Alger,141.27,2825,141,9
Avery,Township,Montmorency,35.02,700,35,2
Backus,Township,Roscommon,34.36,687,34,2
Bagley,Township,Otsego,28.1,562,28,2
Bainbridge,Township,Berrien,34.9,698,35,2
Baldwin,Township,Delta,83.86,1677,84,6
Baldwin,Township,Iosco,28.42,568,28,2
Baltimore,Township,Barry,35.42,708,35,2
Bangor,Charter Township,Bay,14.1,282,14,1
Bangor,Township,Van Buren,33.7,674,34,2
Banks,Township,Antrim,44.94,899,45,3
Baraga,Township,Baraga,183.8,3676,184,12
Bark River,Township,Delta,45.59,912,46,3
Baroda,Township,Berrien,17.77,355,18,1
Barry,Township,Barry,34.43,689,34,2
Barton,Township,Newaygo,35.06,701,35,2
Batavia,Township,Branch,35.73,715,36,2
Bates,Township,Iron,125.69,2514,126,8
Bath,Charter Township,Clinton,31.83,637,32,2
Bay,Township,Charlevoix,15.55,311,16,1
Bay de Noc,Township,Delta,67.66,1353,68,5
Bay Mills,Township,Chippewa,64.72,1294,65,4
Bear Creek,Township,Emmet,39.57,791,40,3
Bearinger,Township,Presque Isle,61.44,1229,61,4
Bear Lake,Township,Kalkaska,71.09,1422,71,5
Bear Lake,Township,Manistee,34.69,694,35,2
Beaugrand,Township,Cheboygan,23.83,477,24,2
Beaver,Township,Bay,35.34,707,35,2
Beaver,Township,Newaygo,32.06,641,32,2
Beaver Creek,Township,Crawford,71.46,1429,71,5
Beaverton,Township,Gladwin,35.03,701,35,2
Bedford,Charter Township,Calhoun,29.1,582,29,2
Bedford,Township,Monroe,39.19,784,39,3
Belknap,Township,Presque Isle,35.7,714,36,2
Bellevue,Township,Eaton,36.38,728,36,2
Belvidere,Township,Montcalm,34.62,692,35,2
Bengal,Township,Clinton,36.53,731,37,2
Bennington,Township,Shiawassee,35.48,710,36,2
Benona,Township,Oceana,40.38,808,40,3
Bentley,Township,Gladwin,34.7,694,35,2
Benton,Charter Township,Berrien,32.37,647,32,2
Benton,Township,Cheboygan,58.66,1173,59,4
Benton,Township,Eaton,33.54,671,34,2
Benzonia,Township,Benzie,27.81,556,28,2
Bergland,Township,Ontonagon,98.5,1970,99,7
Berlin,Township,Ionia,41.55,831,42,3
Berlin,Charter Township,Monroe,32,640,32,2
Berlin,Township,St. Clair,37.12,742,37,2
Berrien,Township,Berrien,35.07,701,35,2
Bertrand,Township,Berrien,34.44,689,34,2
Bessemer,Township,Gogebic,113.73,2275,114,8
Bethany,Township,Gratiot,34.57,691,35,2
Bethel,Township,Branch,35.83,717,36,2
Big Creek,Township,Oscoda,141.66,2833,142,9
Big Prairie,Township,Newaygo,31.39,628,31,2
Big Rapids,Charter Township,Mecosta,30.53,611,31,2
Billings,Township,Gladwin,21.56,431,22,1
Bingham,Township,Clinton,32.39,648,32,2
Bingham,Township,Huron,35.76,715,36,2
Bingham,Township,Leelanau,23.57,471,24,2
Birch Run,Township,Saginaw,35.51,710,36,2
Bismarck,Township,Presque Isle,67.51,1350,68,5
Blackman,Charter Township,Jackson,31.71,634,32,2
Blaine,Township,Benzie,19.43,389,19,1
Blair,Township,Grand Traverse,35.61,712,36,2
Blendon,Township,Ottawa,36.36,727,36,2
Bliss,Township,Emmet,43.66,873,44,3
Blissfield,Township,Lenawee,20.88,418,21,1
Bloomer,Township,Montcalm,34.77,695,35,2
Bloomfield,Township,Huron,35.74,715,36,2
Bloomfield,Township,Missaukee,35.54,711,36,2
Bloomfield,Charter Township,Oakland,24.63,493,25,2
Bloomingdale,Township,Van Buren,33.91,678,34,2
Blue Lake,Township,Kalkaska,34.96,699,35,2
Blue Lake,Township,Muskegon,32.25,645,32,2
Blumfield,Township,Saginaw,35.65,713,36,2
Boardman,Township,Kalkaska,36.05,721,36,2
Bohemia,Township,Ontonagon,91.86,1837,92,6
Bois Blanc,Township,Mackinac,35.11,702,35,2
Boon,Township,Wexford,36.01,720,36,2
Boston,Township,Ionia,35.08,702,35,2
Bourret,Township,Gladwin,32.34,647,32,2
Bowne,Township,Kent,35.53,711,36,2
Boyne Valley,Township,Charlevoix,34.78,696,35,2
Brady,Township,Kalamazoo,34.83,697,35,2
Brady,Township,Saginaw,36.75,735,37,2
Brampton,Township,Delta,23.74,475,24,2
Branch,Township,Mason,35.39,708,35,2
Brandon,Charter Township,Oakland,35.11,702,35,2
Brant,Township,Saginaw,36.84,737,37,2
Breen,Township,Dickinson,86.69,1734,87,6
Breitung,Charter Township,Dickinson,64.27,1285,64,4
Brevort,Township,Mackinac,92.48,1850,93,6
Bridgehampton,Township,Sanilac,36.11,722,36,2
Bridgeport,Charter Township,Saginaw,34.43,689,34,2
Bridgeton,Township,Newaygo,35.49,710,36,2
Bridgewater,Township,Washtenaw,36.16,723,36,2
Brighton,Charter Township,Livingston,32.96,659,33,2
Briley†,Township,Montmorency,68.36,1367,68,5
Brockway,Township,St. Clair,33.66,673,34,2
Bronson,Township,Branch,34.62,692,35,2
Brookfield,Township,Eaton,36.07,721,36,2
Brookfield,Township,Huron,35.49,710,36,2
Brooks,Township,Newaygo,31.57,631,32,2
Broomfield,Township,Isabella,34.92,698,35,2
Brown,Township,Manistee,35.64,713,36,2
Brownstown,Charter Township,Wayne,22.19,444,22,1
Bruce,Township,Chippewa,86.98,1740,87,6
Bruce,Township,Macomb,36.75,735,37,2
Buchanan,Township,Berrien,32.14,643,32,2
Buckeye,Township,Gladwin,34.17,683,34,2
Buel,Township,Sanilac,37.64,753,38,3
Buena Vista,Charter Township,Saginaw,35.48,710,36,2
Bunker Hill,Township,Ingham,32.88,658,33,2
Burdell,Township,Osceola,37.33,747,37,2
Burleigh,Township,Iosco,34.64,693,35,2
Burlington,Township,Calhoun,35.7,714,36,2
Burlington,Township,Lapeer,34.99,700,35,2
Burns,Township,Shiawassee,35.3,706,35,2
Burnside,Township,Lapeer,53.37,1067,53,4
Burr Oak,Township,St. Joseph,35.25,705,35,2
Burt,Township,Alger,230.48,4610,231,15
Burt,Township,Cheboygan,19.73,395,20,1
Burtchville,Township,St. Clair,15.55,311,16,1
Bushnell,Township,Montcalm,35.59,712,36,2
Butler,Township,Branch,35.63,713,36,2
Butman,Township,Gladwin,34,680,34,2
Butterfield,Township,Missaukee,35.4,708,35,2
Byron,Township,Kent,36.1,722,36,2
Caldwell,Township,Missaukee,34.21,684,34,2
Caledonia,Township,Alcona,67.58,1352,68,5
Caledonia,Charter Township,Kent,34.91,698,35,2
Caledonia,Charter Township,Shiawassee,31.12,622,31,2
California,Township,Branch,21.26,425,21,1
Calumet,Charter Township,Houghton,33.16,663,33,2
Calvin,Township,Cass,34.34,687,34,2
Cambria,Township,Hillsdale,34.81,696,35,2
Cambridge,Township,Lenawee,31.85,637,32,2
Camden,Township,Hillsdale,42.36,847,42,3
Campbell,Township,Ionia,35.73,715,36,2
Cannon,Township,Kent,35.26,705,35,2
Canton,Charter Township,Wayne,36.11,722,36,2
Carlton,Township,Barry,35.13,703,35,2
Carmel,Township,Eaton,34.02,680,34,2
Carp Lake,Township,Emmet,32.35,647,32,2
Carp Lake,Township,Ontonagon,224.84,4497,225,15
Carrollton,Township,Saginaw,3.34,67,3,0
Cascade,Charter Township,Kent,33.88,678,34,2
Casco,Township,Allegan,38.87,777,39,3
Casco,Township,St. Clair,36.88,738,37,2
Case,Township,Presque Isle,67.2,1344,67,4
Caseville,Township,Huron,13.72,274,14,1
Casnovia,Township,Muskegon,35.6,712,36,2
Castleton,Township,Barry,34.97,699,35,2
Cato,Township,Montcalm,35.14,703,35,2
Cedar,Township,Osceola,34.48,690,35,2
Cedar Creek,Township,Muskegon,34.7,694,35,2
Cedar Creek,Township,Wexford,34.12,682,34,2
Cedarville,Township,Menominee,78.94,1579,79,5
Center,Township,Emmet,34.3,686,34,2
Centerville,Township,Leelanau,27.7,554,28,2
Central Lake,Township,Antrim,27.5,550,28,2
Champion,Township,Marquette,120.89,2418,121,8
Chandler,Township,Charlevoix,35.6,712,36,2
Chandler,Township,Huron,35.3,706,35,2
Chapin,Township,Saginaw,24.65,493,25,2
Charleston,Township,Kalamazoo,34.78,696,35,2
Charlevoix,Township,Charlevoix,5.94,119,6,0
Charlton,Township,Otsego,100.37,2007,100,7
Chase,Township,Lake,35.4,708,35,2
Chassell,Township,Houghton,48.33,967,48,3
Cherry Grove,Township,Wexford,33.37,667,33,2
Cherry Valley,Township,Lake,35.61,712,36,2
Chesaning,Township,Saginaw,34.27,685,34,2
Cheshire,Township,Allegan,34.82,696,35,2
Chester,Township,Eaton,36.03,721,36,2
Chester,Township,Otsego,67.56,1351,68,5
Chester,Township,Ottawa,35.63,713,36,2
Chesterfield,Charter Township,Macomb,27.58,552,28,2
Chestonia,Township,Antrim,35.27,705,35,2
Chikaming,Township,Berrien,21.94,439,22,1
China,Charter Township,St. Clair,34.03,681,34,2
Chippewa,Township,Chippewa,94.84,1897,95,6
Chippewa,Township,Isabella,35.85,717,36,2
Chippewa,Township,Mecosta,32.98,660,33,2
Chocolay,Charter Township,Marquette,58.98,1180,59,4
Churchill,Township,Ogemaw,35.53,711,36,2
Clam Lake,Township,Wexford,30.71,614,31,2
Clam Union,Township,Missaukee,35.59,712,36,2
Clarence,Township,Calhoun,32.55,651,33,2
Clarendon,Township,Calhoun,35.54,711,36,2
Clark,Township,Mackinac,78.97,1579,79,5
Clay,Township,St. Clair,35.32,706,35,2
Claybanks,Township,Oceana,23.49,470,24,2
Clayton,Township,Arenac,32.07,641,32,2
Clayton,Charter Township,Genesee,34.16,683,34,2
Clearwater,Township,Kalkaska,31.17,623,31,2
Clement,Township,Gladwin,20.04,401,20,1
Cleon,Township,Manistee,36.07,721,36,2
Cleveland,Township,Leelanau,30.69,614,31,2
Climax,Township,Kalamazoo,36.14,723,36,2
Clinton,Township,Lenawee,18.13,363,18,1
Clinton,Charter Township,Macomb,28.1,562,28,2
Clinton,Township,Oscoda,70.5,1410,71,5
Clyde,Township,Allegan,34.8,696,35,2
Clyde,Township,St. Clair,35.65,713,36,2
Coe,Township,Isabella,36.17,723,36,2
Cohoctah,Township,Livingston,37.92,758,38,3
Coldsprings,Township,Kalkaska,34.51,690,35,2
Coldwater,Township,Branch,27.54,551,28,2
Coldwater,Township,Isabella,35.92,718,36,2
Colfax,Township,Benzie,35.65,713,36,2
Colfax,Township,Huron,34.55,691,35,2
Colfax,Township,Mecosta,35.11,702,35,2
Colfax,Township,Oceana,32.71,654,33,2
Colfax,Township,Wexford,35.26,705,35,2
Coloma,Charter Township,Berrien,17.97,359,18,1
Colon,Township,St. Joseph,34.36,687,34,2
Columbia,Township,Jackson,36.64,733,37,2
Columbia,Township,Tuscola,35.98,720,36,2
Columbia,Township,Van Buren,33.91,678,34,2
Columbus,Township,Luce,140.34,2807,140,9
Columbus,Township,St. Clair,36.64,733,37,2
Comins,Township,Oscoda,70.56,1411,71,5
Commerce,Charter Township,Oakland,27.45,549,27,2
Comstock,Charter Township,Kalamazoo,33.31,666,33,2
Concord,Township,Jackson,35.73,715,36,2
Constantine,Township,St. Joseph,34.47,689,34,2
Convis,Township,Calhoun,35.37,707,35,2
Conway,Township,Livingston,37.73,755,38,3
Cooper,Charter Township,Kalamazoo,36.33,727,36,2
Cornell,Township,Delta,59.73,1195,60,4
Corwith,Township,Otsego,107.48,2150,108,7
Cottrellville,Township,St. Clair,20.86,417,21,1
Courtland,Township,Kent,34.7,694,35,2
Covert,Township,Van Buren,34.92,698,35,2
Covington,Township,Baraga,192.26,3845,192,13
Crockery,Township,Ottawa,32.45,649,32,2
Cross Village,Township,Emmet,10.1,202,10,1
Croton,Township,Newaygo,33.7,674,34,2
Crystal,Township,Montcalm,34,680,34,2
Crystal,Township,Oceana,34.7,694,35,2
Crystal Falls,Township,Iron,228.41,4568,228,15
Crystal Lake,Township,Benzie,12.56,251,13,1
Cumming,Township,Ogemaw,34.49,690,35,2
Curtis,Township,Alcona,68.39,1368,68,5
Custer,Township,Antrim,34.71,694,35,2
Custer,Township,Mason,34.88,698,35,2
Custer,Township,Sanilac,35.33,707,35,2
Dafter,Township,Chippewa,47.8,956,48,3
Daggett,Township,Menominee,35.94,719,36,2
Dallas,Township,Clinton,36.39,728,36,2
Dalton,Township,Muskegon,35.26,705,35,2
Danby,Township,Ionia,35.11,702,35,2
Davison,Township,Genesee,33.32,666,33,2
Day,Township,Montcalm,35.27,705,35,2
Dayton,Township,Newaygo,32.91,658,33,2
Dayton,Township,Tuscola,35.6,712,36,2
Decatur,Township,Van Buren,34.88,698,35,2
Deep River,Township,Arenac,35.28,706,35,2
Deerfield,Township,Isabella,35.45,709,35,2
Deerfield,Township,Lapeer,35.41,708,35,2
Deerfield,Township,Lenawee,25.01,500,25,2
Deerfield,Township,Livingston,36.17,723,36,2
Deerfield,Township,Mecosta,35.67,713,36,2
Delaware,Township,Sanilac,46.44,929,46,3
Delhi,Charter Township,Ingham,28.61,572,29,2
Delta,Charter Township,Eaton,32.46,649,32,2
Denmark,Township,Tuscola,35.27,705,35,2
Denton,Township,Roscommon,26.24,525,26,2
Denver,Township,Isabella,36.41,728,36,2
Denver,Township,Newaygo,33.94,679,34,2
Detour,Township,Chippewa,48.77,975,49,3
DeWitt,Charter Township,Clinton,31.03,621,31,2
Dexter,Township,Washtenaw,30.36,607,30,2
Dickson,Township,Manistee,69.53,1391,70,5
Dorr,Township,Allegan,36.15,723,36,2
Douglass,Township,Montcalm,34.74,695,35,2
Dover,Township,Lake,36.86,737,37,2
Dover,Township,Lenawee,35.08,702,35,2
Dover,Township,Otsego,35.17,703,35,2
Doyle,Township,Schoolcraft,146.12,2922,146,10
Drummond,Township,Chippewa,128.91,2578,129,9
Dryden,Township,Lapeer,34.94,699,35,2
Duncan,Township,Houghton,176.11,3522,176,12
Dundee,Township,Monroe,48.22,964,48,3
Duplain,Township,Clinton,35.12,702,35,2
Dwight,Township,Huron,35.73,715,36,2
Eagle,Township,Clinton,34.74,695,35,2
Eagle Harbor,Township,Keweenaw,180.41,3608,180,12
East Bay,Charter Township,Grand Traverse,39.93,799,40,3
East China,Charter Township,St. Clair,6.58,132,7,0
Easton,Township,Ionia,28.42,568,28,2
Eaton,Township,Eaton,32.02,640,32,2
Eaton Rapids,Township,Eaton,34.15,683,34,2
Echo,Township,Antrim,34.85,697,35,2
Eckford,Township,Calhoun,35.4,708,35,2
Eden,Township,Lake,36.44,729,36,2
Eden,Township,Mason,35.41,708,35,2
Edenville,Township,Midland,34.8,696,35,2
Edwards,Township,Ogemaw,34.93,699,35,2
Egelston,Township,Muskegon,31.95,639,32,2
Elba,Township,Gratiot,34.99,700,35,2
Elba,Township,Lapeer,31.61,632,32,2
Elbridge,Township,Oceana,33.83,677,34,2
Elk,Township,Lake,35.51,710,36,2
Elk,Township,Sanilac,35.67,713,36,2
Elkland,Township,Tuscola,35,700,35,2
Elk Rapids,Township,Antrim,7.08,142,7,0
Ellington,Township,Tuscola,35.44,709,35,2
Ellis,Township,Cheboygan,35.57,711,36,2
Ellsworth,Township,Lake,35.16,703,35,2
Elmer,Township,Oscoda,70.95,1419,71,5
Elmer,Township,Sanilac,36.33,727,36,2
Elmira,Township,Otsego,35.84,717,36,2
Elm River,Township,Houghton,91.26,1825,91,6
Elmwood,Charter Township,Leelanau,19.94,399,20,1
Elmwood,Township,Tuscola,35.4,708,35,2
Ely,Township,Marquette,137.27,2745,137,9
Emerson,Township,Gratiot,34.29,686,34,2
Emmett,Charter Township,Calhoun,32,640,32,2
Emmett,Township,St. Clair,35.34,707,35,2
Empire,Township,Leelanau,35.24,705,35,2
Ensign,Township,Delta,58.96,1179,59,4
Ensley,Township,Newaygo,35.41,708,35,2
Enterprise,Township,Missaukee,34.47,689,34,2
Erie,Township,Monroe,23.72,474,24,2
Erwin,Township,Gogebic,47.45,949,47,3
Escanaba,Township,Delta,59.65,1193,60,4
Essex,Township,Clinton,35.36,707,35,2
Eureka,Charter Township,Montcalm,28.73,575,29,2
Evangeline,Township,Charlevoix,11.02,220,11,1
Evart,Township,Osceola,32.8,656,33,2
Eveline,Township,Charlevoix,25.81,516,26,2
Everett,Township,Newaygo,35.24,705,35,2
Evergreen,Township,Montcalm,34.65,693,35,2
Evergreen,Township,Sanilac,35.35,707,35,2
Ewing,Township,Marquette,48.29,966,48,3
Excelsior,Township,Kalkaska,35.33,707,35,2
Exeter,Township,Monroe,36.53,731,37,2
Fabius,Township,St. Joseph,32.03,641,32,2
Fairbanks,Township,Delta,47.34,947,47,3
Fairfield,Township,Lenawee,42.03,841,42,3
Fairfield,Township,Shiawassee,25.06,501,25,2
Fairgrove,Township,Tuscola,35.27,705,35,2
Fairhaven,Township,Huron,21.5,430,22,1
Fairplain,Township,Montcalm,35.22,704,35,2
Faithorn,Township,Menominee,53.71,1074,54,4
Fawn River,Township,St. Joseph,19.18,384,19,1
Fayette,Township,Hillsdale,22.83,457,23,2
Felch,Township,Dickinson,141.84,2837,142,9
Fenton,Charter Township,Genesee,23.8,476,24,2
Ferris,Township,Montcalm,36.03,721,36,2
Ferry,Township,Oceana,33.29,666,33,2
Fife Lake,Township,Grand Traverse,34.6,692,35,2
Filer,Charter Township,Manistee,15.75,315,16,1
Fillmore,Township,Allegan,28.35,567,28,2
Flint,Charter Township,Genesee,23.28,466,23,2
Florence,Township,St. Joseph,33.24,665,33,2
Flowerfield,Township,St. Joseph,35.46,709,35,2
Flushing,Charter Township,Genesee,31.37,627,31,2
Flynn,Township,Sanilac,35.82,716,36,2
Ford River,Township,Delta,64.88,1298,65,4
Forest,Township,Cheboygan,68.59,1372,69,5
Forest,Township,Genesee,35.7,714,36,2
Forest,Township,Missaukee,35.13,703,35,2
Forester,Township,Sanilac,25.24,505,25,2
Forest Home,Township,Antrim,24.14,483,24,2
Fork,Township,Mecosta,34.78,696,35,2
Forsyth,Township,Marquette,177.67,3553,178,12
Fort Gratiot,Charter Township,St. Clair,15.96,319,16,1
Foster,Township,Ogemaw,89.23,1785,89,6
Frankenlust,Township,Bay,21.05,421,21,1
Frankenmuth,Township,Saginaw,32.29,646,32,2
Franklin,Township,Clare,35.33,707,35,2
Franklin,Township,Houghton,19.86,397,20,1
Franklin,Township,Lenawee,38.33,767,38,3
Fraser,Township,Bay,32.43,649,32,2
Frederic,Township,Crawford,71.4,1428,71,5
Fredonia,Township,Calhoun,34.02,680,34,2
Freedom,Township,Washtenaw,35.46,709,35,2
Freeman,Township,Clare,34.58,692,35,2
Free Soil,Township,Mason,38.8,776,39,3
Fremont,Township,Isabella,35.85,717,36,2
Fremont,Township,Saginaw,36.61,732,37,2
Fremont,Township,Sanilac,34.98,700,35,2
Fremont,Township,Tuscola,35.02,700,35,2
Frenchtown,Charter Township,Monroe,41.82,836,42,3
Friendship,Township,Emmet,31.45,629,31,2
Frost,Township,Clare,34.95,699,35,2
Fruitland,Township,Muskegon,36.26,725,36,2
Fruitport,Charter Township,Muskegon,29.98,600,30,2
Fulton,Township,Gratiot,34.99,700,35,2
Gaines,Township,Genesee,35.1,702,35,2
Gaines,Charter Township,Kent,35.7,714,36,2
Galien,Township,Berrien,21.98,440,22,1
Ganges,Township,Allegan,32.05,641,32,2
Garden,Township,Delta,159.84,3197,160,11
Garfield,Township,Bay,35.67,713,36,2
Garfield,Township,Clare,33.39,668,33,2
Garfield,Charter Township,Grand Traverse,26.59,532,27,2
Garfield,Township,Kalkaska,106.16,2123,106,7
Garfield,Township,Mackinac,134.52,2690,135,9
Garfield,Township,Newaygo,31.73,635,32,2
Genesee,Charter Township,Genesee,29.06,581,29,2
Geneva,Township,Midland,35.5,710,36,2
Geneva,Township,Van Buren,35.14,703,35,2
Genoa,Charter Township,Livingston,34.05,681,34,2
Georgetown,Charter Township,Ottawa,33.17,663,33,2
Germfask,Township,Schoolcraft,66.43,1329,66,4
Gerrish,Township,Roscommon,27.6,552,28,2
Gibson,Township,Bay,35.54,711,36,2
Gilead,Township,Branch,21.06,421,21,1
Gilford,Township,Tuscola,34.82,696,35,2
Gilmore,Township,Benzie,7.13,143,7,0
Gilmore,Township,Isabella,35.59,712,36,2
Girard,Township,Branch,35.05,701,35,2
Gladwin,Township,Gladwin,35.22,704,35,2
Glen Arbor,Township,Leelanau,28.33,567,28,2
Golden,Township,Oceana,33.47,669,33,2
Goodar,Township,Ogemaw,35.45,709,35,2
Goodland,Township,Lapeer,35.58,712,36,2
Goodwell,Township,Newaygo,33.77,675,34,2
Gore,Township,Huron,6.8,136,7,0
Gourley,Township,Menominee,35.73,715,36,2
Grand Blanc,Charter Township,Genesee,32.7,654,33,2
Grand Haven,Charter Township,Ottawa,28.68,574,29,2
Grand Island,Township,Alger,22.48,450,23,1
Grand Rapids,Charter Township,Kent,15.34,307,15,1
Grant,Township,Cheboygan,48.8,976,49,3
Grant,Township,Clare,32.76,655,33,2
Grant,Township,Grand Traverse,35.2,704,35,2
Grant,Township,Huron,35.35,707,35,2
Grant,Township,Iosco,34.88,698,35,2
Grant,Township,Keweenaw,119.2,2384,119,8
Grant,Township,Mason,48.73,975,49,3
Grant,Township,Mecosta,32.64,653,33,2
Grant,Township,Newaygo,35.43,709,35,2
Grant,Township,Oceana,34.09,682,34,2
Grant,Township,St. Clair,29.67,593,30,2
Grass Lake,Charter Township,Jackson,46.43,929,46,3
Grattan,Township,Kent,33.86,677,34,2
Grayling,Charter Township,Crawford,170.74,3415,171,11
Green,Township,Alpena,71.04,1421,71,5
Green,Charter Township,Mecosta,36.98,740,37,2
Greenbush,Township,Alcona,24.92,498,25,2
Greenbush,Township,Clinton,35.18,704,35,2
Greendale,Township,Midland,35.37,707,35,2
Green Lake,Township,Grand Traverse,29.18,584,29,2
Greenland,Township,Ontonagon,113.19,2264,113,8
Greenleaf,Township,Sanilac,35.92,718,36,2
Green Oak,Charter Township,Livingston,34.3,686,34,2
Greenwood,Township,Clare,35.2,704,35,2
Greenwood,Township,Oceana,34.25,685,34,2
Greenwood,Township,Oscoda,70,1400,70,5
Greenwood,Township,St. Clair,35.8,716,36,2
Greenwood,Township,Wexford,35.36,707,35,2
Grim,Township,Gladwin,70.3,1406,70,5
Grosse Ile,Township,Wayne,9.2,184,9,1
Grout,Township,Gladwin,34.18,684,34,2
Groveland,Township,Oakland,35.26,705,35,2
Gun Plain,Charter Township,Allegan,34.06,681,34,2
Gustin,Township,Alcona,35.69,714,36,2
Hadley,Township,Lapeer,33.44,669,33,2
Hagar,Township,Berrien,18.36,367,18,1
Haight,Township,Ontonagon,105.74,2115,106,7
Hamburg,Township,Livingston,32.24,645,32,2
Hamilton,Township,Clare,35.87,717,36,2
Hamilton,Township,Gratiot,34.66,693,35,2
Hamilton,Township,Van Buren,34.22,684,34,2
Hamlin,Township,Eaton,34.36,687,34,2
Hamlin,Township,Mason,27.44,549,27,2
Hampton,Charter Township,Bay,27.33,547,27,2
Hancock,Township,Houghton,15.89,318,16,1
Handy,Township,Livingston,34.34,687,34,2
Hanover,Township,Jackson,34.84,697,35,2
Hanover,Township,Wexford,35.99,720,36,2
Haring,Charter Township,Wexford,32.36,647,32,2
Harris,Township,Menominee,143.27,2865,143,10
Harrison,Charter Township,Macomb,14.46,289,14,1
Harrisville,Township,Alcona,30.33,607,30,2
Hart,Township,Oceana,32.42,648,32,2
Hartford,Township,Van Buren,33.37,667,33,2
Hartland,Township,Livingston,35.86,717,36,2
Hartwick,Township,Osceola,35,700,35,2
Hastings,Charter Township,Barry,30.02,600,30,2
Hatton,Township,Clare,35.89,718,36,2
Hawes,Township,Alcona,69.96,1399,70,5
Hay,Township,Gladwin,21.45,429,21,1
Hayes,Township,Charlevoix,30.09,602,30,2
Hayes,Township,Clare,31.28,626,31,2
Hayes,Township,Otsego,69.15,1383,69,5
Haynes,Township,Alcona,34.93,699,35,2
Hazelton,Township,Shiawassee,37.29,746,37,2
Heath,Township,Allegan,35.37,707,35,2
Hebron,Township,Cheboygan,34.05,681,34,2
Helena,Township,Antrim,16.2,324,16,1
Hematite,Township,Iron,153.45,3069,153,10
Henderson,Township,Wexford,36.21,724,36,2
Hendricks,Township,Mackinac,78.97,1579,79,5
Henrietta,Township,Jackson,35.98,720,36,2
Hersey,Township,Osceola,35.35,707,35,2
Hiawatha,Township,Schoolcraft,277.43,5549,277,18
Higgins,Township,Roscommon,70.36,1407,70,5
Highland,Charter Township,Oakland,34.11,682,34,2
Highland,Township,Osceola,37.38,748,37,2
Hill,Township,Ogemaw,32.54,651,33,2
Hillman,Township,Montmorency,67.63,1353,68,5
Hillsdale,Township,Hillsdale,12.32,246,12,1
Hinton,Township,Mecosta,35.73,715,36,2
Holland,Township,Missaukee,35.62,712,36,2
Holland,Charter Township,Ottawa,27.03,541,27,2
Holly,Township,Oakland,34.38,688,34,2
Holmes,Township,Menominee,71.37,1427,71,5
Holton,Township,Muskegon,34.67,693,35,2
Home,Township,Montcalm,36,720,36,2
Home,Township,Newaygo,33.53,671,34,2
Homer,Township,Calhoun,35.66,713,36,2
Homer,Township,Midland,21.11,422,21,1
Homestead,Township,Benzie,30.19,604,30,2
Hope,Township,Barry,32.48,650,33,2
Hope,Township,Midland,23.02,460,23,2
Hopkins,Township,Allegan,35.72,714,36,2
Horton,Township,Ogemaw,35.46,709,35,2
Houghton,Township,Keweenaw,120.72,2414,121,8
Howard,Township,Cass,34.52,690,35,2
Howell,Township,Livingston,31.82,636,32,2
Hudson,Township,Charlevoix,34.31,686,34,2
Hudson,Township,Lenawee,35.39,708,35,2
Hudson,Township,Mackinac,68.77,1375,69,5
Hulbert,Township,Chippewa,70.85,1417,71,5
Humboldt,Township,Marquette,92.67,1853,93,6
Hume,Township,Huron,29.8,596,30,2
Huron,Township,Huron,33.53,671,34,2
Huron,Charter Township,Wayne,35.35,707,35,2
Ida,Township,Monroe,36.75,735,37,2
Imlay,Township,Lapeer,33.55,671,34,2
Independence,Charter Township,Oakland,34.99,700,35,2
Indianfields,Township,Tuscola,33.75,675,34,2
Ingallston,Township,Menominee,70.89,1418,71,5
Ingersoll,Township,Midland,36.46,729,36,2
Ingham,Township,Ingham,32.67,653,33,2
Inland,Township,Benzie,35.77,715,36,2
Interior,Township,Ontonagon,86.42,1728,86,6
Inverness,Township,Cheboygan,33.86,677,34,2
Inwood,Township,Schoolcraft,120.22,2404,120,8
Ionia,Township,Ionia,33.5,670,34,2
Iosco,Township,Livingston,35.19,704,35,2
Ira,Township,St. Clair,17.03,341,17,1
Iron River,Township,Iron,238.25,4765,238,16
Ironwood,Charter Township,Gogebic,175.4,3508,175,12
Irving,Township,Barry,35.76,715,36,2
Isabella,Township,Isabella,36.32,726,36,2
Ishpeming,Township,Marquette,86.29,1726,86,6
James,Township,Saginaw,16.74,335,17,1
Jamestown,Charter Township,Ottawa,35.38,708,35,2
Jasper,Township,Midland,35.92,718,36,2
Jefferson,Township,Cass,34.74,695,35,2
Jefferson,Township,Hillsdale,35.49,710,36,2
Jerome,Township,Midland,31.61,632,32,2
Johnstown,Township,Barry,34.95,699,35,2
Jonesfield,Township,Saginaw,25.2,504,25,2
Jordan,Township,Antrim,35.08,702,35,2
Joyfield,Township,Benzie,19.92,398,20,1
Juniata,Township,Tuscola,34.76,695,35,2
Kalamazoo,Charter Township,Kalamazoo,11.68,234,12,1
Kalamo,Township,Eaton,36.6,732,37,2
Kalkaska,Township,Kalkaska,70.44,1409,70,5
Kasson,Township,Leelanau,35.91,718,36,2
Kawkawlin,Township,Bay,32.41,648,32,2
Kearney,Township,Antrim,34.24,685,34,2
Keeler,Township,Van Buren,33.73,675,34,2
Keene,Township,Ionia,35.58,712,36,2
Kenockee,Township,St. Clair,35.65,713,36,2
Kimball,Township,St. Clair,37.14,743,37,2
Kinderhook,Township,Branch,19.47,389,19,1
Kingston,Township,Tuscola,34.82,696,35,2
Kinross,Charter Township,Chippewa,119.72,2394,120,8
Klacking,Township,Ogemaw,35.89,718,36,2
Kochville,Township,Saginaw,18.57,371,19,1
Koehler,Township,Cheboygan,43.56,871,44,3
Koylton,Township,Tuscola,34.91,698,35,2
Krakow,Township,Presque Isle,55.66,1113,56,4
Lafayette,Township,Gratiot,36,720,36,2
LaGrange,Township,Cass,33.18,664,33,2
Laird,Township,Houghton,187.3,3746,187,12
Lake,Township,Benzie,23.39,468,23,2
Lake,Charter Township,Berrien,18.62,372,19,1
Lake,Township,Huron,20.51,410,21,1
Lake,Township,Lake,33.89,678,34,2
Lake,Township,Menominee,70.74,1415,71,5
Lake,Township,Missaukee,31.57,631,32,2
Lake,Township,Roscommon,23.06,461,23,2
Lakefield,Township,Luce,63.18,1264,63,4
Lakefield,Township,Saginaw,24.08,482,24,2
Laketon,Township,Muskegon,17.45,349,17,1
Laketown,Township,Allegan,21.55,431,22,1
Lamotte,Township,Sanilac,35.45,709,35,2
L'Anse,Township,Baraga,247.4,4948,247,16
Lansing,Charter Township,Ingham,4.93,99,5,0
Lapeer,Township,Lapeer,29.99,600,30,2
Larkin,Charter Township,Midland,32.09,642,32,2
La Salle,Township,Monroe,26.57,531,27,2
Lawrence,Township,Van Buren,34.62,692,35,2
Leavitt,Township,Oceana,29.33,587,29,2
Lebanon,Township,Clinton,35.1,702,35,2
Lee,Township,Allegan,35.18,704,35,2
Lee,Township,Calhoun,36.22,724,36,2
Lee,Township,Midland,35.62,712,36,2
Leelanau,Township,Leelanau,49.15,983,49,3
Leighton,Township,Allegan,34.87,697,35,2
Leland,Township,Leelanau,45.37,907,45,3
Lenox,Township,Macomb,38.71,774,39,3
Leoni,Township,Jackson,48.54,971,49,3
Leonidas,Township,St. Joseph,35.51,710,36,2
Leroy,Township,Calhoun,36,720,36,2
Leroy,Township,Ingham,34.13,683,34,2
LeRoy,Township,Osceola,35,700,35,2
Leslie,Township,Ingham,34.9,698,35,2
Lexington,Township,Sanilac,36.04,721,36,2
Liberty,Township,Jackson,34.27,685,34,2
Liberty,Township,Wexford,36.51,730,37,2
Lilley,Township,Newaygo,30.41,608,30,2
Lima,Township,Washtenaw,34.53,691,35,2
Limestone,Township,Alger,74.23,1485,74,5
Lincoln,Township,Arenac,21,420,21,1
Lincoln,Charter Township,Berrien,17.91,358,18,1
Lincoln,Township,Clare,35.08,702,35,2
Lincoln,Township,Huron,35.48,710,36,2
Lincoln,Township,Isabella,36.12,722,36,2
Lincoln,Township,Midland,23.31,466,23,2
Lincoln,Township,Newaygo,34.35,687,34,2
Lincoln,Township,Osceola,35.13,703,35,2
Litchfield,Township,Hillsdale,32.97,659,33,2
Littlefield,Township,Emmet,21.72,434,22,1
Little Traverse,Township,Emmet,17.96,359,18,1
Livingston,Township,Otsego,33.77,675,34,2
Locke,Township,Ingham,35.84,717,36,2
Lockport,Township,St. Joseph,28.6,572,29,2
Lodi,Township,Washtenaw,34.27,685,34,2
Logan,Township,Mason,36.02,720,36,2
Logan,Township,Ogemaw,35.23,705,35,2
London,Township,Monroe,35.76,715,36,2
Long Lake,Charter Township,Grand Traverse,29.9,598,30,2
Long Rapids,Township,Alpena,54.19,1084,54,4
Loud,Township,Montmorency,35.77,715,36,2
Lovells,Township,Crawford,100.55,2011,101,7
Lowell,Charter Township,Kent,32.57,651,33,2
Lyndon,Township,Washtenaw,32.02,640,32,2
Lynn,Township,St. Clair,35.72,714,36,2
Lyon,Charter Township,Oakland,30.95,619,31,2
Lyon,Township,Roscommon,29.98,600,30,2
Lyons,Township,Ionia,35.92,718,36,2
Mackinaw,Township,Cheboygan,11.41,228,11,1
McKinley,Township,Emmet,35.11,702,35,2
McKinley,Township,Huron,20.18,404,20,1
McMillan,Township,Luce,588.78,11776,589,39
McMillan,Township,Ontonagon,70.43,1409,70,5
Macomb,Township,Macomb,36.23,725,36,2
Macon,Township,Lenawee,32.68,654,33,2
Madison,Charter Township,Lenawee,30.39,608,30,2
Mancelona,Township,Antrim,71.14,1423,71,5
Manchester,Township,Washtenaw,37.86,757,38,3
Manistee,Township,Manistee,44.38,888,44,3
Manistique,Township,Schoolcraft,149.34,2987,149,10
Manlius,Township,Allegan,35.18,704,35,2
Mansfield,Township,Iron,99.08,1982,99,7
Maple Forest,Township,Crawford,35.3,706,35,2
Maple Grove,Township,Barry,35.89,718,36,2
Maple Grove,Township,Manistee,35.57,711,36,2
Maple Grove,Township,Saginaw,35.8,716,36,2
Maple Ridge,Township,Alpena,51.62,1032,52,3
Maple Ridge,Township,Delta,108.26,2165,108,7
Maple River,Township,Emmet,35.32,706,35,2
Maple Valley,Township,Montcalm,35.32,706,35,2
Maple Valley,Township,Sanilac,34.51,690,35,2
Marathon,Township,Lapeer,32.85,657,33,2
Marcellus,Township,Cass,33.2,664,33,2
Marengo,Township,Calhoun,35.04,701,35,2
Marenisco,Township,Gogebic,310.89,6218,311,21
Marilla,Township,Manistee,35.47,709,35,2
Marion,Township,Charlevoix,25.57,511,26,2
Marion,Township,Livingston,34.9,698,35,2
Marion,Township,Osceola,37.01,740,37,2
Marion,Township,Saginaw,24.38,488,24,2
Marion,Township,Sanilac,36.08,722,36,2
Markey,Township,Roscommon,28.73,575,29,2
Marlette,Township,Sanilac,52.43,1049,52,3
Marquette,Township,Mackinac,97.05,1941,97,6
Marquette,Charter Township,Marquette,55.3,1106,55,4
Marshall,Township,Calhoun,31.13,623,31,2
Martin,Township,Allegan,35.53,711,36,2
Martiny,Township,Mecosta,31.98,640,32,2
Mason,Township,Arenac,32.05,641,32,2
Mason,Township,Cass,20.22,404,20,1
Masonville,Township,Delta,167.8,3356,168,11
Mastodon,Township,Iron,126.5,2530,127,8
Matchwood,Township,Ontonagon,109.52,2190,110,7
Mathias,Township,Alger,70.68,1414,71,5
Matteson,Township,Branch,35.77,715,36,2
Mayfield,Township,Grand Traverse,35.92,718,36,2
Mayfield,Township,Lapeer,33.12,662,33,2
Meade,Township,Huron,35.64,713,36,2
Meade,Township,Mason,37.47,749,37,2
Mecosta,Township,Mecosta,34.03,681,34,2
Medina,Township,Lenawee,47.54,951,48,3
Mellen,Township,Menominee,30.8,616,31,2
Melrose,Township,Charlevoix,32.98,660,33,2
Mendon,Township,St. Joseph,34.95,699,35,2
Menominee,Township,Menominee,72.7,1454,73,5
Mentor,Township,Cheboygan,35.7,714,36,2
Mentor,Township,Oscoda,142.06,2841,142,9
Meridian,Charter Township,Ingham,30.49,610,31,2
Merrill,Township,Newaygo,31.92,638,32,2
Merritt,Township,Bay,31.64,633,32,2
Metamora,Township,Lapeer,34.21,684,34,2
Metz,Township,Presque Isle,35.58,712,36,2
Meyer,Township,Menominee,89.69,1794,90,6
Michigamme,Township,Marquette,133.19,2664,133,9
Middle Branch,Township,Osceola,35.5,710,36,2
Middlebury,Township,Shiawassee,24.76,495,25,2
Midland,Charter Township,Midland,7.63,153,8,1
Mikado,Township,Alcona,71.36,1427,71,5
Milan,Township,Monroe,34.18,684,34,2
Milford,Charter Township,Oakland,32.99,660,33,2
Millbrook,Township,Mecosta,35.77,715,36,2
Millen,Township,Alcona,70.78,1416,71,5
Millington,Township,Tuscola,35.44,709,35,2
Mills,Township,Midland,35.56,711,36,2
Mills,Township,Ogemaw,34.22,684,34,2
Milton,Township,Antrim,25.56,511,26,2
Milton,Township,Cass,21.11,422,21,1
Minden,Township,Sanilac,36.1,722,36,2
Mitchell,Township,Alcona,142.54,2851,143,10
Moffatt,Township,Arenac,31.51,630,32,2
Moltke,Township,Presque Isle,33.91,678,34,2
Monitor,Charter Township,Bay,36.78,736,37,2
Monroe,Charter Township,Monroe,16.9,338,17,1
Monroe,Township,Newaygo,32.84,657,33,2
Montague,Township,Muskegon,18.58,372,19,1
Montcalm,Township,Montcalm,35.43,709,35,2
Monterey,Township,Allegan,35.7,714,36,2
Montmorency,Township,Montmorency,136.61,2732,137,9
Montrose,Charter Township,Genesee,34.25,685,34,2
Moore,Township,Sanilac,36.3,726,36,2
Moorland,Township,Muskegon,35.68,714,36,2
Moran,Township,Mackinac,127.52,2550,128,9
Morton,Township,Mecosta,33.04,661,33,2
Moscow,Township,Hillsdale,35.15,703,35,2
Mottville,Township,St. Joseph,19.32,386,19,1
Mount Forest,Township,Bay,35.91,718,36,2
Mount Haley,Township,Midland,23.82,476,24,2
Mount Morris,Charter Township,Genesee,31.51,630,32,2
Mueller,Township,Schoolcraft,83.61,1672,84,6
Mullett,Township,Cheboygan,18.99,380,19,1
Mundy,Charter Township,Genesee,36.03,721,36,2
Munising,Township,Alger,202.21,4044,202,13
Munro,Township,Cheboygan,28.4,568,28,2
Muskegon,Charter Township,Muskegon,22.94,459,23,2
Mussey,Township,St. Clair,35.68,714,36,2
Nadeau,Township,Menominee,80.75,1615,81,5
Nahma,Township,Delta,166.37,3327,166,11
Napoleon,Township,Jackson,28.94,579,29,2
Negaunee,Township,Marquette,42.08,842,42,3
Nelson,Township,Kent,35.21,704,35,2
Nester,Township,Roscommon,71.35,1427,71,5
Newark,Township,Gratiot,34.38,688,34,2
Newberg,Township,Cass,34.54,691,35,2
New Buffalo,Township,Berrien,20.01,400,20,1
Newfield,Township,Oceana,32.28,646,32,2
New Haven,Township,Gratiot,35.57,711,36,2
New Haven,Township,Shiawassee,35.59,712,36,2
Newkirk,Township,Lake,72.8,1456,73,5
Newton,Township,Calhoun,36,720,36,2
Newton,Township,Mackinac,148.6,2972,149,10
Niles,Charter Township,Berrien,37.32,746,37,2
Noble,Township,Branch,20.96,419,21,1
Norman,Township,Manistee,70.81,1416,71,5
North Allis,Township,Presque Isle,32.72,654,33,2
North Branch,Township,Lapeer,36.08,722,36,2
Northfield,Township,Washtenaw,35.77,715,36,2
North Plains,Township,Ionia,35.75,715,36,2
North Shade,Township,Gratiot,35.61,712,36,2
North Star,Township,Gratiot,34.1,682,34,2
Northville,Charter Township,Wayne,16.19,324,16,1
Norvell,Township,Jackson,29.53,591,30,2
Norway,Township,Dickinson,88.52,1770,89,6
Norwich,Township,Missaukee,71.92,1438,72,5
Norwich,Township,Newaygo,34.53,691,35,2
Norwood,Township,Charlevoix,18.16,363,18,1
Nottawa,Township,Isabella,35.31,706,35,2
Nottawa,Township,St. Joseph,35.62,712,36,2
Novesta,Township,Tuscola,35.28,706,35,2
Novi,Township,Oakland,0.11,2,0,0
Nunda,Township,Cheboygan,70.26,1405,70,5
Oakfield,Township,Kent,33.81,676,34,2
Oakland,Charter Township,Oakland,36.3,726,36,2
Oceola,Township,Livingston,36.12,722,36,2
Ocqueoc,Township,Presque Isle,52.15,1043,52,3
Odessa,Township,Ionia,35.58,712,36,2
Ogden,Township,Lenawee,42.11,842,42,3
Ogemaw,Township,Ogemaw,36.3,726,36,2
Olive,Township,Clinton,35.63,713,36,2
Olive,Township,Ottawa,36.18,724,36,2
Oliver,Township,Huron,35.31,706,35,2
Oliver,Township,Kalkaska,35.73,715,36,2
Oneida,Charter Township,Eaton,32.56,651,33,2
Onekama,Township,Manistee,18.42,368,18,1
Onondaga,Township,Ingham,36.11,722,36,2
Onota,Township,Alger,87.73,1755,88,6
Ontonagon,Township,Ontonagon,192.88,3858,193,13
Ontwa,Township,Cass,19.41,388,19,1
Orange,Township,Ionia,35.93,719,36,2
Orange,Township,Kalkaska,34.23,685,34,2
Orangeville,Township,Barry,33.43,669,33,2
Oregon,Township,Lapeer,32.55,651,33,2
Orient,Township,Osceola,34.8,696,35,2
Orion,Charter Township,Oakland,33.33,667,33,2
Orleans,Township,Ionia,35.17,703,35,2
Oronoko,Charter Township,Berrien,32.33,647,32,2
Osceola,Township,Houghton,24.82,496,25,2
Osceola,Township,Osceola,34.23,685,34,2
Oscoda,Charter Township,Iosco,121.99,2440,122,8
Oshtemo,Charter Township,Kalamazoo,35.87,717,36,2
Ossineke,Township,Alpena,105.74,2115,106,7
Otisco,Township,Ionia,30.97,619,31,2
Otsego,Township,Allegan,33.23,665,33,2
Otsego Lake,Township,Otsego,32.72,654,33,2
Otto,Township,Oceana,33.46,669,33,2
Overisel,Township,Allegan,35.65,713,36,2
Ovid,Township,Branch,33.18,664,33,2
Ovid,Township,Clinton,35.84,717,36,2
Owosso,Charter Township,Shiawassee,31.61,632,32,2
Oxford,Charter Township,Oakland,33.78,676,34,2
Palmyra,Township,Lenawee,36.5,730,37,2
Paradise,Township,Grand Traverse,52.87,1057,53,4
Paris,Township,Huron,36.01,720,36,2
Park,Township,Ottawa,19.2,384,19,1
Park,Township,St. Joseph,34.95,699,35,2
Parma,Township,Jackson,36.3,726,36,2
Pavilion,Township,Kalamazoo,35.01,700,35,2
Paw Paw,Township,Van Buren,34.91,698,35,2
Peacock,Township,Lake,34.92,698,35,2
Peaine,Township,Charlevoix,52.35,1047,52,3
Peninsula,Township,Grand Traverse,27.89,558,28,2
Penn,Township,Cass,33.56,671,34,2
Pennfield,Charter Township,Calhoun,34.27,685,34,2
Pentland,Township,Luce,106.79,2136,107,7
Pentwater,Township,Oceana,12.86,257,13,1
Pere Marquette,Charter Township,Mason,14.09,282,14,1
Perry,Township,Shiawassee,31.14,623,31,2
Pickford,Township,Chippewa,108.26,2165,108,7
Pierson,Township,Montcalm,34.64,693,35,2
Pinconning,Township,Bay,36.68,734,37,2
Pine,Township,Montcalm,34.98,700,35,2
Pine Grove,Township,Van Buren,34.45,689,34,2
Pine River,Township,Gratiot,30.31,606,30,2
Pinora,Township,Lake,35.47,709,35,2
Pioneer,Township,Missaukee,35.91,718,36,2
Pipestone,Township,Berrien,35.51,710,36,2
Pittsfield,Charter Township,Washtenaw,27.26,545,27,2
Pittsford,Township,Hillsdale,35.42,708,35,2
Plainfield,Township,Iosco,103.73,2075,104,7
Plainfield,Charter Township,Kent,35.04,701,35,2
Platte,Township,Benzie,36.3,726,36,2
Pleasanton,Township,Manistee,33.55,671,34,2
Pleasant Plains,Township,Lake,34.73,695,35,2
Pleasantview,Township,Emmet,35.6,712,36,2
Plymouth,Charter Township,Wayne,15.93,319,16,1
Pointe Aux Barques,Township,Huron,1.31,26,1,0
Pokagon,Township,Cass,34,680,34,2
Polkton,Charter Township,Ottawa,39.21,784,39,3
Portage,Charter Township,Houghton,112.09,2242,112,7
Portage,Township,Mackinac,55.43,1109,55,4
Port Austin,Township,Huron,16.3,326,16,1
Porter,Township,Cass,51.52,1030,52,3
Porter,Township,Midland,35.17,703,35,2
Porter,Township,Van Buren,33.15,663,33,2
Port Huron,Charter Township,St. Clair,12.84,257,13,1
Portland,Township,Ionia,32.18,644,32,2
Port Sheldon,Township,Ottawa,22.3,446,22,1
Portsmouth,Charter Township,Bay,20.05,401,20,1
Posen,Township,Presque Isle,35.14,703,35,2
Powell,Township,Marquette,153.7,3074,154,10
Prairie Ronde,Township,Kalamazoo,35.83,717,36,2
Prairieville,Township,Barry,32.8,656,33,2
Presque Isle,Township,Presque Isle,35.42,708,35,2
Pulaski,Township,Jackson,36.18,724,36,2
Pulawski,Township,Presque Isle,41.84,837,42,3
Putnam,Township,Livingston,34.09,682,34,2
Quincy,Township,Branch,35.23,705,35,2
Quincy,Township,Houghton,3.82,76,4,0
Raber,Township,Chippewa,97.81,1956,98,7
Raisin,Charter Township,Lenawee,36.13,723,36,2
Raisinville,Township,Monroe,48.14,963,48,3
Ransom,Township,Hillsdale,30.08,602,30,2
Rapid River,Township,Kalkaska,35.13,703,35,2
Ravenna,Township,Muskegon,36.17,723,36,2
Ray,Township,Macomb,36.58,732,37,2
Reading,Township,Hillsdale,33.98,680,34,2
Readmond,Township,Emmet,31.03,621,31,2
Redding,Township,Clare,34.9,698,35,2
Redford,Charter Township,Wayne,11.24,225,11,1
Reeder,Township,Missaukee,34.78,696,35,2
Reno,Township,Iosco,35.27,705,35,2
Republic,Township,Marquette,111.37,2227,111,7
Resort,Township,Emmet,19.13,383,19,1
Reynolds,Township,Montcalm,35.69,714,36,2
Rich,Township,Lapeer,34.98,700,35,2
Richfield,Township,Genesee,35.06,701,35,2
Richfield,Township,Roscommon,68.98,1380,69,5
Richland,Township,Kalamazoo,34.43,689,34,2
Richland,Township,Missaukee,35.52,710,36,2
Richland,Township,Montcalm,35.63,713,36,2
Richland,Township,Ogemaw,34.78,696,35,2
Richland,Township,Saginaw,36.71,734,37,2
Richmond,Township,Macomb,37.49,750,38,2
Richmond,Township,Marquette,55.57,1111,56,4
Richmond,Township,Osceola,32.89,658,33,2
Ridgeway,Township,Lenawee,28.65,573,29,2
Riga,Township,Lenawee,40.86,817,41,3
Riley,Township,Clinton,35.71,714,36,2
Riley,Township,St. Clair,38.23,765,38,3
Riverside,Township,Missaukee,35.35,707,35,2
Riverton,Township,Mason,35.27,705,35,2
Rives,Township,Jackson,35.79,716,36,2
Robinson,Township,Ottawa,38.47,769,38,3
Rockland,Township,Ontonagon,92.75,1855,93,6
Rock River,Township,Alger,80.74,1615,81,5
Rogers,Township,Presque Isle,33.61,672,34,2
Rolland,Township,Isabella,35.76,715,36,2
Rollin,Township,Lenawee,33.68,674,34,2
Rome,Township,Lenawee,35.86,717,36,2
Ronald,Township,Ionia,36.18,724,36,2
Roscommon,Township,Roscommon,103.32,2066,103,7
Rose,Township,Oakland,34.51,690,35,2
Rose,Township,Ogemaw,52.86,1057,53,4
Rose Lake,Township,Osceola,33.61,672,34,2
Ross,Township,Kalamazoo,33.34,667,33,2
Roxand,Township,Eaton,36.42,728,36,2
Royal Oak,Charter Township,Oakland,0.55,11,1,0
Royalton,Township,Berrien,18.12,362,18,1
Rubicon,Township,Huron,23.69,474,24,2
Rudyard,Township,Chippewa,89.64,1793,90,6
Rush,Township,Shiawassee,34.9,698,35,2
Rust,Township,Montmorency,68.52,1370,69,5
Rutland,Charter Township,Barry,35.03,701,35,2
Sage,Township,Gladwin,34.23,685,34,2
Saginaw,Charter Township,Saginaw,24.5,490,25,2
Sagola,Township,Dickinson,159.71,3194,160,11
St. Charles,Township,Saginaw,36.49,730,37,2
St. Clair,Township,St. Clair,38.41,768,38,3
St. Ignace,Township,Mackinac,97.11,1942,97,6
St. James,Township,Charlevoix,20.35,407,20,1
St. Joseph,Charter Township,Berrien,6.65,133,7,0
Salem,Township,Allegan,35.7,714,36,2
Salem,Township,Washtenaw,34.29,686,34,2
Saline,Township,Washtenaw,34.69,694,35,2
Sanborn,Township,Alpena,43.78,876,44,3
Sand Beach,Township,Huron,36.36,727,36,2
Sands,Township,Marquette,66.4,1328,66,4
Sandstone,Charter Township,Jackson,36,720,36,2
Sanilac,Township,Sanilac,40.77,815,41,3
Sauble,Township,Lake,34.63,693,35,2
Saugatuck,Township,Allegan,23.37,467,23,2
Schoolcraft,Township,Houghton,40.12,802,40,3
Schoolcraft,Township,Kalamazoo,34.27,685,34,2
Scio,Township,Washtenaw,33.73,675,34,2
Sciota,Township,Shiawassee,25.13,503,25,2
Scipio,Township,Hillsdale,29.21,584,29,2
Sebewa,Township,Ionia,35.94,719,36,2
Sebewaing,Township,Huron,32.51,650,33,2
Secord,Township,Gladwin,22.03,441,22,1
Selma,Township,Wexford,34.31,686,34,2
Seneca,Township,Lenawee,40.05,801,40,3
Seney,Township,Schoolcraft,212.63,4253,213,14
Seville,Township,Gratiot,35.54,711,36,2
Sharon,Township,Washtenaw,37.41,748,37,2
Shelby,Charter Township,Macomb,34.26,685,34,2
Shelby,Township,Oceana,35.69,714,36,2
Sheridan,Township,Calhoun,31.33,627,31,2
Sheridan,Township,Clare,36.15,723,36,2
Sheridan,Township,Huron,36.15,723,36,2
Sheridan,Township,Mason,34.22,684,34,2
Sheridan,Township,Mecosta,34.8,696,35,2
Sheridan,Charter Township,Newaygo,33.04,661,33,2
Sherman,Township,Gladwin,34.87,697,35,2
Sherman,Township,Huron,43.99,880,44,3
Sherman,Township,Iosco,35.93,719,36,2
Sherman,Township,Isabella,34.71,694,35,2
Sherman,Township,Keweenaw,65.16,1303,65,4
Sherman,Township,Mason,36.23,725,36,2
Sherman,Township,Newaygo,33.41,668,33,2
Sherman,Township,Osceola,37.03,741,37,2
Sherman,Township,St. Joseph,32.97,659,33,2
Sherwood,Township,Branch,34.64,693,35,2
Shiawassee,Township,Shiawassee,36.39,728,36,2
Sidney,Township,Montcalm,33.95,679,34,2
Sigel,Township,Huron,35.64,713,36,2
Silver Creek,Township,Cass,31.96,639,32,2
Sims,Township,Arenac,11.5,230,12,1
Skandia,Township,Marquette,71.84,1437,72,5
Slagle,Township,Wexford,35.79,716,36,2
Sodus,Township,Berrien,19.41,388,19,1
Solon,Township,Kent,34.72,694,35,2
Solon,Township,Leelanau,26.39,528,26,2
Somerset,Township,Hillsdale,33.41,668,33,2
Soo,Township,Chippewa,50.13,1003,50,3
South Arm,Township,Charlevoix,30.64,613,31,2
South Branch,Township,Crawford,104.83,2097,105,7
South Branch,Township,Wexford,36.03,721,36,2
Southfield,Township,Oakland,8.05,161,8,1
South Haven,Charter Township,Van Buren,17.42,348,17,1
Spalding,Township,Menominee,162.59,3252,163,11
Sparta,Township,Kent,36.43,729,36,2
Spaulding,Township,Saginaw,25.59,512,26,2
Speaker,Township,Sanilac,34.55,691,35,2
Spencer,Township,Kent,33.97,679,34,2
Spring Arbor,Township,Jackson,35.1,702,35,2
Springdale,Township,Manistee,35.42,708,35,2
Springfield,Township,Kalkaska,35.09,702,35,2
Springfield,Charter Township,Oakland,35.43,709,35,2
Spring Lake,Township,Ottawa,16.48,330,17,1
Springport,Township,Jackson,36.1,722,36,2
Springvale,Township,Emmet,44.71,894,45,3
Springville,Township,Wexford,32.5,650,33,2
Spurr,Township,Baraga,150.83,3017,151,10
Stambaugh,Township,Iron,181.49,3630,182,12
Standish,Township,Arenac,27.63,553,28,2
Stannard,Township,Ontonagon,125.1,2502,125,8
Stanton,Township,Houghton,122.38,2448,122,8
Star,Township,Antrim,34.39,688,34,2
Stephenson,Township,Menominee,40.72,814,41,3
Stockbridge,Township,Ingham,35.46,709,35,2
Stronach,Township,Manistee,54.98,1100,55,4
Sturgis,Township,St. Joseph,17.68,354,18,1
Sugar Island,Township,Chippewa,49.35,987,49,3
Sullivan,Township,Muskegon,24.08,482,24,2
Summerfield,Township,Clare,35.2,704,35,2
Summerfield,Township,Monroe,41.98,840,42,3
Summit,Township,Jackson,29.09,582,29,2
Summit,Township,Mason,12.8,256,13,1
Sumner,Township,Gratiot,35.65,713,36,2
Sumpter,Township,Wayne,37.36,747,37,2
Sunfield,Township,Eaton,36.09,722,36,2
Superior,Township,Chippewa,102.98,2060,103,7
Superior,Charter Township,Washtenaw,35.21,704,35,2
Surrey,Township,Clare,35.1,702,35,2
Suttons Bay†,Township,Leelanau,24.52,490,25,2
Swan Creek,Township,Saginaw,22.95,459,23,2
Sweetwater,Township,Lake,35.69,714,36,2
Sylvan,Township,Osceola,34.56,691,35,2
Sylvan,Township,Washtenaw,32.59,652,33,2
Tallmadge,Charter Township,Ottawa,32.21,644,32,2
Tawas,Township,Iosco,33.39,668,33,2
Taymouth,Township,Saginaw,35.38,708,35,2
Tecumseh,Township,Lenawee,12.57,251,13,1
Tekonsha,Township,Calhoun,35.4,708,35,2
Texas,Charter Township,Kalamazoo,34.38,688,34,2
Thetford,Township,Genesee,34.55,691,35,2
Thomas,Township,Saginaw,30.61,612,31,2
Thompson,Township,Schoolcraft,112.38,2248,112,7
Thornapple,Township,Barry,35.28,706,35,2
Three Oaks,Township,Berrien,23.29,466,23,2
Tilden,Township,Marquette,89.89,1798,90,6
Tittabawassee,Township,Saginaw,35.16,703,35,2
Tobacco,Township,Gladwin,33.75,675,34,2
Tompkins,Township,Jackson,36.01,720,36,2
Torch Lake,Township,Antrim,15.09,302,15,1
Torch Lake,Township,Houghton,79.87,1597,80,5
Trout Lake,Township,Chippewa,141.39,2828,141,9
Trowbridge,Township,Allegan,34.64,693,35,2
Troy,Township,Newaygo,34.84,697,35,2
Turin,Township,Marquette,83.7,1674,84,6
Turner,Township,Arenac,31.14,623,31,2
Tuscarora,Township,Cheboygan,29.41,588,29,2
Tuscola,Township,Tuscola,32.79,656,33,2
Tyrone,Township,Kent,36.12,722,36,2
Tyrone,Township,Livingston,35.4,708,35,2
Unadilla,Township,Livingston,33.75,675,34,2
Union,Township,Branch,35.46,709,35,2
Union,Township,Grand Traverse,35.81,716,36,2
Union,Charter Township,Isabella,28.16,563,28,2
Valley,Township,Allegan,32.92,658,33,2
Van Buren,Charter Township,Wayne,33.97,679,34,2
Vassar,Township,Tuscola,35.05,701,35,2
Venice,Township,Shiawassee,37.44,749,37,2
Vergennes,Township,Kent,34.49,690,35,2
Vermontville,Township,Eaton,36.11,722,36,2
Vernon,Township,Isabella,35.34,707,35,2
Vernon,Township,Shiawassee,33.69,674,34,2
Verona,Township,Huron,34.13,683,34,2
Vevay,Township,Ingham,31.56,631,32,2
Victor,Township,Clinton,33.93,679,34,2
Victory,Township,Mason,35.93,719,36,2
Vienna,Charter Township,Genesee,35.01,700,35,2
Vienna,Township,Montmorency,69.1,1382,69,5
Volinia,Township,Cass,34.39,688,34,2
Wakefield,Township,Gogebic,179.7,3594,180,12
Wakeshma,Township,Kalamazoo,36.02,720,36,2
Wales,Township,St. Clair,37.37,747,37,2
Walker,Township,Cheboygan,34.19,684,34,2
Walton,Township,Eaton,35.21,704,35,2
Warner,Township,Antrim,35.5,710,36,2
Warren,Township,Midland,34.75,695,35,2
Washington,Township,Gratiot,35.25,705,35,2
Washington,Charter Township,Macomb,35.48,710,36,2
Washington,Township,Sanilac,35.95,719,36,2
Waterford,Charter Township,Oakland,30.66,613,31,2
Waterloo,Township,Jackson,47.62,952,48,3
Watersmeet,Township,Gogebic,254.77,5095,255,17
Watertown,Charter Township,Clinton,35.51,710,36,2
Watertown,Township,Sanilac,35.04,701,35,2
Watertown,Township,Tuscola,32.53,651,33,2
Watervliet,Township,Berrien,13.47,269,13,1
Watson,Township,Allegan,35.36,707,35,2
Waucedah,Township,Dickinson,88.5,1770,89,6
Waverly,Township,Cheboygan,48.19,964,48,3
Waverly,Township,Van Buren,34.12,682,34,2
Wawatam,Township,Emmet,15.73,315,16,1
Wayland,Township,Allegan,32.62,652,33,2
Wayne,Township,Cass,34.25,685,34,2
Weare,Township,Oceana,33.91,678,34,2
Webber,Township,Lake,34.97,699,35,2
Webster,Township,Washtenaw,35.09,702,35,2
Weesaw,Township,Berrien,35.44,709,35,2
Weldon,Township,Benzie,36.43,729,36,2
Wellington,Township,Alpena,53.22,1064,53,4
Wells,Township,Delta,39.56,791,40,3
Wells,Township,Marquette,154.11,3082,154,10
Wells,Township,Tuscola,34.26,685,34,2
West Bloomfield,Charter Township,Oakland,27.01,540,27,2
West Branch,Township,Dickinson,111.46,2229,111,7
West Branch,Township,Marquette,35.48,710,36,2
West Branch,Township,Missaukee,35.55,711,36,2
West Branch,Township,Ogemaw,34.02,680,34,2
Westphalia,Township,Clinton,35.52,710,36,2
West Traverse,Township,Emmet,13.37,267,13,1
Wexford,Township,Wexford,36.54,731,37,2
Wheatfield,Township,Ingham,29.14,583,29,2
Wheatland,Township,Hillsdale,35.65,713,36,2
Wheatland,Township,Mecosta,35.48,710,36,2
Wheatland,Township,Sanilac,36.34,727,36,2
Wheeler,Township,Gratiot,35.88,718,36,2
Whitefish,Township,Chippewa,241.5,4830,242,16
Whiteford,Township,Monroe,39.72,794,40,3
Whitehall,Township,Muskegon,8.87,177,9,1
White Lake,Charter Township,Oakland,33.52,670,34,2
White Oak,Township,Ingham,36.28,726,36,2
White Pigeon,Township,St. Joseph,25.1,502,25,2
White River,Township,Muskegon,15.72,314,16,1
Whitewater,Township,Grand Traverse,47.84,957,48,3
Whitney,Township,Arenac,30.73,615,31,2
Wilber,Township,Iosco,72.44,1449,72,5
Wilcox,Township,Newaygo,32.43,649,32,2
Williams,Charter Township,Bay,33.55,671,34,2
Williamstown,Township,Ingham,29.09,582,29,2
Wilmot,Township,Cheboygan,35.76,715,36,2
Wilson,Township,Alpena,79.27,1585,79,5
Wilson,Township,Charlevoix,34.05,681,34,2
Windsor,Charter Township,Eaton,34.49,690,35,2
Winfield,Township,Montcalm,35.46,709,35,2
Winsor,Township,Huron,35.23,705,35,2
Winterfield,Township,Clare,36.05,721,36,2
Wise,Township,Isabella,36.5,730,37,2
Wisner,Township,Tuscola,19.32,386,19,1
Woodbridge,Township,Hillsdale,30.05,601,30,2
Woodhull,Township,Shiawassee,25.52,510,26,2
Woodland,Township,Barry,35.38,708,35,2
Woodstock,Township,Lenawee,33.88,678,34,2
Worth,Township,Sanilac,38.6,772,39,3
Wright,Township,Hillsdale,43.35,867,43,3
Wright,Township,Ottawa,36.1,722,36,2
Yankee Springs,Township,Barry,31.06,621,31,2
Yates,Township,Lake,35.29,706,35,2
York,Charter Township,Washtenaw,34.7,694,35,2
Ypsilanti,Charter Township,Washtenaw,29.93,599,30,2
Zeeland,Charter Township,Ottawa,34.4,688,34,2
Zilwaukee,Township,Saginaw,3.58,72,4,0
See also,Charter Township,Washtenaw,34.7,694,35,2
Ypsilanti,Charter Township,Washtenaw,29.93,599,30,2
Zeeland,Charter Township,Ottawa,34.4,688,34,2
Zilwaukee,Township,Saginaw,3.58,72,4,0